TeddyShop,http://www.rakuten.co.jp/teddyshop/,4.52,http://review.rakuten.co.jp/shop/4/267575_267575/1.1/,-,152413,s19tz100371,レディースファッション > 水着,2011/11/16,○,○,○,○,http://www.rakuten.co.jp/teddyshop/info.html,株式会社ハヤシビジネス,〒658-0023 兵庫県神戸市東灘区深江浜町102番地,teddyshop_3@shop.rakuten.co.jp,TEL:078-435-6815  FAX:078-435-6818,余　華鋒,金沢　裕介,金沢　裕介,2016/04/13,2017/05/10
イーザッカマニアストアーズ,http://www.rakuten.co.jp/e-zakkamania/,4.63,http://review.rakuten.co.jp/shop/4/200612_200612/1.1/,○,152128,s19tz100371,レディースファッション > トップス,2002/10/29,○,-,○,○,http://www.rakuten.co.jp/e-zakkamania/info.html,有限会社ズーティー,〒650-0024 兵庫県神戸市中央区海岸通2-2-3 東和ビル5F,e-zakkamania@shop.rakuten.co.jp,TEL:078-321-7615  FAX:078-321-7616,今石　雄介,浅野　かおり(イーザッカマニアストアーズ事務局),今石　雄介,2016/04/13,2017/05/10
Dark Angel,http://www.rakuten.co.jp/darkangel/,3.99,http://review.rakuten.co.jp/shop/4/224379_224379/1.1/,-,125167,s19tz100371,レディースファッション > トップス,2006/11/13,○,○,○,○,http://www.rakuten.co.jp/darkangel/info.html,株式会社Ｗ?ＣＡＩ,〒173-0014 東京都板橋区大山東町3-10 ニュー板橋マンション　２F,darkangel@shop.rakuten.co.jp darkangel_11@shop.rakuten.co.jp,TEL:03-3579-8608  FAX:03-3579-8608,森岡　孜恵,森岡　勉(店舗運営),森岡　勉,2016/04/13,2017/05/10
aquagarage（アクアガレージ）,http://www.rakuten.co.jp/garageshop/,4.58,http://review.rakuten.co.jp/shop/4/251058_251058/1.1/,-,81771,s19tz100371,レディースファッション > トップス,2009/09/25,○,-,○,○,http://www.rakuten.co.jp/garageshop/info.html,有限会社伊勢屋コンサルタント,〒737-2302 広島県江田島市能美町鹿川3426-1,garageshop@shop.rakuten.co.jp,TEL:0823-40-2753  FAX:0823-45-4287,山下　真由美,山下　真由美(楽天部門),山下　真由美,2016/04/13,2017/05/10
NETSTAR　ネットスター,http://www.rakuten.co.jp/netstar/,4.39,http://review.rakuten.co.jp/shop/4/227116_227116/1.1/,-,79677,s19tz100371,レディースファッション > トップス,2007/03/14,○,-,○,○,http://www.rakuten.co.jp/netstar/info.html,株式会社ＷＡＴＡＢＥＪＫ,〒125-0062 東京都葛飾区青戸４－２０－１１－３Ｆ,netstar@shop.rakuten.co.jp,TEL:03-6240-7247  FAX:03-6240-7259,石川　美里,石川　美里,石川　美里,2016/04/13,2017/05/10
オシャレウォーカー　osharewalker,http://www.rakuten.co.jp/osharewalker/,4.61,http://review.rakuten.co.jp/shop/4/229008_229008/1.1/,-,76364,s19tz100371,レディースファッション > トップス,2007/05/16,○,-,○,○,http://www.rakuten.co.jp/osharewalker/info.html,株式会社ｍｉｇｈｔｙ,〒594-0083 大阪府和泉市池上町2丁目1-15    株式会社mighty 経理課,osharewalker@shop.rakuten.co.jp osharewalker_2@shop.rakuten.co.jp,TEL:0725-40-0087  FAX:0725-90-7375,木下　常一,梶原　葉子(本店),木下　常一,2016/04/13,2017/05/10
Pierrot【ピエロ】,http://www.rakuten.co.jp/pierrot/,4.57,http://review.rakuten.co.jp/shop/4/219537_219537/1.1/,-,74837,s19tz100371,レディースファッション > トップス,2006/04/26,○,-,○,○,http://www.rakuten.co.jp/pierrot/info.html,有限会社セレクト,〒541-0056 大阪府大阪市中央区久太郎町2丁目5-19　丸忠第3ビル　7F,pierrot_3@shop.rakuten.co.jp,TEL:06-6245-1205  FAX:06-6245-1148,栗原　和美,江副 雅直(WEB事業部),江副 雅直,2016/04/13,2017/05/10
soulberry,http://www.rakuten.co.jp/soulberry/,4.61,http://review.rakuten.co.jp/shop/4/209527_209527/1.1/,○,71002,s19tz100371,レディースファッション > トップス,2004/12/06,○,-,○,○,http://www.rakuten.co.jp/soulberry/info.html,株式会社グァルダ,〒540-0010 大阪府大阪市中央区材木町1-8 SRビル本町東8F,soulberry_13@shop.rakuten.co.jp soulberry_16@shop.rakuten.co.jp,TEL:06-6809-2695  FAX:06-6809-2694,扇田　保昭,扇田　良子(soulberry),扇田　良子,2016/04/13,2017/05/10
神戸レタス （KOBE LETTUCE）,http://www.rakuten.co.jp/mobacaba/,4.55,http://review.rakuten.co.jp/shop/4/231322_231322/1.1/,○,65596,s19tz100371,レディースファッション > トップス,2007/10/29,○,-,○,○,http://www.rakuten.co.jp/mobacaba/info.html,株式会社マキシム,〒651-0084 兵庫県神戸市中央区磯辺通3丁目２-11　三宮ファーストビル8F,mobacaba@shop.rakuten.co.jp,TEL:078-271-3005  FAX:078-271-7767,橋本　充生,林　純司,橋本　充生,2016/04/13,2017/05/10
Re：EDIT（リエディ）ギャルスター,http://www.rakuten.co.jp/galstar/,4.50,http://review.rakuten.co.jp/shop/4/231218_231218/1.1/,-,63567,s19tz100371,レディースファッション > トップス,2007/09/12,○,-,○,○,http://www.rakuten.co.jp/galstar/info.html,株式会社ネオグラフィック,〒550-0013 大阪府大阪市西区新町2丁目4-2なにわ筋SIAビル16階,galstar_17@shop.rakuten.co.jp,TEL:06-6567-9000  FAX:06-6536-3556,工藤　正樹,工藤　正樹(通販事業部),工藤　正樹,2016/04/13,2017/05/10
ハッピーマリリンM～大きいサイズ,http://www.rakuten.co.jp/amarilyn/,4.54,http://review.rakuten.co.jp/shop/4/202937_202937/1.1/,-,53418,s19tz100371,レディースファッション > トップス,2003/05/29,○,-,○,○,http://www.rakuten.co.jp/amarilyn/info.html,株式会社ミン,〒448-0007 愛知県刈谷市東境町登り坂130番地,amarilyn@shop.rakuten.co.jp,TEL:0120-58-3139  FAX:0566-36-5085,宮下　正義,宮下　正義,宮下　正義,2016/04/13,2017/05/10
ジャングル ジャングル,http://www.rakuten.co.jp/junglejungle/,4.69,http://review.rakuten.co.jp/shop/4/234015_234015/1.1/,-,51766,s19tz100371,レディースファッション > トップス,2007/12/18,○,-,○,○,http://www.rakuten.co.jp/junglejungle/info.html,株式会社ＪＧ.プロジェクト,〒550-0012 大阪府大阪市西区立売堀2-3-12,junglejungle@shop.rakuten.co.jp,TEL:06-4390-5057  FAX:06-6543-3578,柳　正一,古田由佳(WEB事業部),古田由佳,2016/04/13,2017/05/10
アンドイット （and it_）,http://www.rakuten.co.jp/andit/,4.63,http://review.rakuten.co.jp/shop/4/222042_222042/1.1/,-,51143,s19tz100371,レディースファッション > トップス,2006/09/04,○,-,○,○,http://www.rakuten.co.jp/andit/info.html,株式会社アンドイット,〒563-0032 大阪府池田市石橋1-9-13 リバティーハウス石橋4F,andit@shop.rakuten.co.jp,TEL:072-762-2806  FAX:072-762-2806,細井　康幸,実樹　千登勢,細井　康幸,2016/04/13,2017/05/10
パーティードレス通販ナイトワン,http://www.rakuten.co.jp/night1/,4.40,http://review.rakuten.co.jp/shop/4/222980_222980/1.1/,-,48862,s19tz100371,レディースファッション > ドレス,2006/09/21,○,-,○,○,http://www.rakuten.co.jp/night1/info.html,有限会社Ｎｉｇｈｔ１,〒468-0052 愛知県名古屋市天白区井口2丁目901番地,night1@shop.rakuten.co.jp,TEL:052-800-8456  FAX:052-800-8457,藤城　利佳,酒向　宏彰(インターネット部門),酒向　宏彰,2016/04/13,2017/05/10
Karei,http://www.rakuten.co.jp/karei-fuku/,4.25,http://review.rakuten.co.jp/shop/4/238894_238894/1.1/,-,45762,s19tz100371,レディースファッション > トップス,2008/07/25,○,-,○,○,http://www.rakuten.co.jp/karei-fuku/info.html,夏黎株式会社,〒335-0022 埼玉県戸田市上戸田1-2-17,karei-fuku@shop.rakuten.co.jp,TEL:048-299-7968  FAX:048-290-8976,曹　悦,鈴木 ひろこ(インターネット事業部),鈴木 ひろこ,2016/04/13,2017/05/10
海外インポート専門ホンコンマダム,http://www.rakuten.co.jp/hongkongmadam/,4.40,http://review.rakuten.co.jp/shop/4/200367_200367/1.1/,-,44581,s19tz100371,レディースファッション > ワンピース,2002/09/13,○,-,○,○,http://www.rakuten.co.jp/hongkongmadam/info.html,株式会社ホンコンマダム,〒550-0012 大阪府大阪市西区立売堀1丁目３―１１　ダイタイビル６階,hongkongmadam_5@shop.rakuten.co.jp hongkongmadam_9@shop.rakuten.co.jp,TEL:06-6541-2501  FAX:06-6541-2502,松本　博樹,迫田　敦子,岡田　一之,2016/04/13,2017/05/10
NOWiSTYLE（ナウアイスタイル）,http://www.rakuten.co.jp/nowistyle/,4.21,http://review.rakuten.co.jp/shop/4/238228_238228/1.1/,-,42902,s19tz100371,レディースファッション > トップス,2008/06/16,○,-,○,○,http://www.rakuten.co.jp/nowistyle/info.html,株式会社リアルコマース,〒108-0022 東京都港区海岸3-3-8　安田8号ビル　6階,nowistyle_17@shop.rakuten.co.jp nowistyle@shop.rakuten.co.jp,TEL:03-6635-1897  FAX:03-6435-4522,崔　瀚友,安藤 和子,安藤 和子,2016/04/13,2017/05/10
アッドルージュ,http://www.rakuten.co.jp/ashblond/,4.61,http://review.rakuten.co.jp/shop/4/207640_207640/1.1/,-,41901,s19tz100371,レディースファッション > トップス,2004/08/26,○,-,○,○,http://www.rakuten.co.jp/ashblond/info.html,株式会社アッドルージュ,〒101-0032 東京都千代田区岩本町1-11-2 神田風源ビル6F,ashblond_8@shop.rakuten.co.jp,TEL:03-3861-0751  FAX:03-3861-0762,各務　裕一,芝田　有加子(インターネット事業部),山口　しのぶ,2016/04/13,2017/05/10
Classical Elf／クラシカルエルフ,http://www.rakuten.co.jp/classical/,4.41,http://review.rakuten.co.jp/shop/4/227064_227064/1.1/,-,41112,s19tz100371,レディースファッション > トップス,2007/02/19,○,-,-,○,http://www.rakuten.co.jp/classical/info.html,株式会社クラシカルエルフ,〒333-0844 埼玉県川口市上青木1-6-24,classical@shop.rakuten.co.jp,TEL:048-242-3146  FAX:048-242-3129,三和　義久,島田　励　(EC事業部),島田　励,2016/04/13,2017/05/10
夢展望 YUMETENBO,http://www.rakuten.co.jp/dreamv/,4.33,http://review.rakuten.co.jp/shop/4/202747_202747/1.1/,-,39029,s19tz100371,レディースファッション > トップス,2003/05/07,○,-,○,○,http://www.rakuten.co.jp/dreamv/info.html,夢展望株式会社,〒563-0032 大阪府池田市石橋3-2-1　大空ビル3F,dreamv@shop.rakuten.co.jp dreamv_2@shop.rakuten.co.jp dreamv_3@shop.rakuten.co.jp dreamv_5@shop.rakuten.co.jp,TEL:06-7635-6679  FAX:072-761-9315,岡　隆宏,濱中 眞紀夫　（お問合せは土?日?祝日を除く平日10時～17時）,田中　啓晴,2016/04/13,2017/05/10
MSS（エムエスエス）,http://www.rakuten.co.jp/maido-selection/,4.55,http://review.rakuten.co.jp/shop/4/249530_249530/1.1/,-,38696,s19tz100371,レディースファッション > トップス,2009/08/10,○,-,○,○,http://www.rakuten.co.jp/maido-selection/info.html,グローバルファクトリー株式会社,〒675-0019 兵庫県加古川市野口町水足123-20,maido-selection@shop.rakuten.co.jp,TEL:079-439-1642  FAX:079-439-1643,足立　弘勝,江副　央俊(通販部),江副　央俊,2016/04/13,2017/05/10
京越卸屋,http://www.rakuten.co.jp/kyoetsu-orosiya/,4.55,http://review.rakuten.co.jp/shop/4/232499_232499/1.1/,-,37611,s19tz100371,レディースファッション > 女性和服,2007/10/26,○,-,○,○,http://www.rakuten.co.jp/kyoetsu-orosiya/info.html,京越株式会社,〒603-8837 京都府京都市北区大宮中ノ社町7番地,kyoetsu-orosiya@shop.rakuten.co.jp,TEL:075-201-3839  FAX:075-201-3840,呉　越,井原 正樹(和装EC事業部),新谷 沙希,2016/04/13,2017/05/10
REAL CUBE　（リアルキューブ）,http://www.rakuten.co.jp/cube/,4.44,http://review.rakuten.co.jp/shop/4/201482_201482/1.1/,-,36831,s19tz100371,レディースファッション > トップス,2003/01/16,○,-,○,○,http://www.rakuten.co.jp/cube/info.html,株式会社ＲＥＡＬＣＵＢＥ,〒542-0082 大阪府大阪市中央区島之内1-12-28 REALCUBE SQUARE,cube@shop.rakuten.co.jp,TEL:06-4708-3553  FAX:06-4708-3554,河野　郁也,河野　郁也,河野　郁也,2016/04/13,2017/05/10
titivate（ティティベイト）,http://www.rakuten.co.jp/titivate/,4.35,http://review.rakuten.co.jp/shop/4/249826_249826/1.1/,-,35440,s19tz100371,レディースファッション > ワンピース,2009/09/15,○,-,○,○,http://www.rakuten.co.jp/titivate/info.html,株式会社ＡＬＥＦＳ,〒550-0015 大阪府大阪市西区南堀江3-12-17 大百物産ビル4F,titivate_4@shop.rakuten.co.jp,TEL:06-6568-9001  FAX:06-6568-9000,畢志鵬,東条　実穂(東条　実穂),東条　実穂,2016/04/13,2017/05/10
パーティードレス通販　GIRL,http://www.rakuten.co.jp/girl-k/,4.54,http://review.rakuten.co.jp/shop/4/210810_210810/1.1/,-,33633,s19tz100371,レディースファッション > トップス,2005/03/08,○,-,○,○,http://www.rakuten.co.jp/girl-k/info.html,株式会社オフィスカワノ,〒880-0036 宮崎県宮崎市花ヶ島町南赤江町2094-1,girl-k@shop.rakuten.co.jp,TEL:0985-29-4747  FAX:0985-29-4748,河野　宗治,河野　宗治(営業部),河野　宗治,2016/04/13,2017/05/10
アウトレット「ショック」,http://www.rakuten.co.jp/shock/,4.45,http://review.rakuten.co.jp/shop/4/190050_190050/1.1/,-,33195,s19tz100371,レディースファッション > トップス,1999/06/01,○,-,○,○,http://www.rakuten.co.jp/shock/info.html,有限会社パル,〒722-0051 広島県尾道市東尾道9-7,shock@shop.rakuten.co.jp,TEL:0848-56-0732  FAX:0848-56-0732,田口　栄治,花戸　仁(通信販売事業部),花戸　仁,2016/04/13,2017/05/10
三京商会 ファー コート 財布 毛皮,http://www.rakuten.co.jp/sankyo/,4.65,http://review.rakuten.co.jp/shop/4/199802_199802/1.1/,-,33106,s19tz100371,レディースファッション > トップス,2002/09/10,○,-,○,○,http://www.rakuten.co.jp/sankyo/info.html,株式会社三京商会,〒562-0012 大阪府箕面市白島1丁目2番15号,sankyo@shop.rakuten.co.jp,TEL:072-730-2355  FAX:072-730-0951,徳山　淳一,徳山　淳一(徳山　淳一),徳山　淳一,2016/04/13,2017/05/10
ニッセン　楽天市場店,http://www.rakuten.co.jp/nissen-r/,4.54,http://review.rakuten.co.jp/shop/4/262907_262907/1.1/,-,32133,s19tz100371,レディースファッション > トップス,2011/01/26,○,-,-,○,http://www.rakuten.co.jp/nissen-r/info.html,株式会社ニッセン,〒601-8412 京都府京都市南区西九条院町26番地,nissen-r@shop.rakuten.co.jp,TEL:0120-863871  FAX:0120-35-2000,市場 信行,中富　伸吾／近藤　智哉(調達管理部　在庫コントロールチーム),中富　伸吾,2016/04/13,2017/05/10
La-gemme（ラジエム）,http://www.rakuten.co.jp/la-gemme/,4.11,http://review.rakuten.co.jp/shop/4/266577_266577/1.1/,-,30250,s19tz100371,レディースファッション > トップス,2011/01/27,○,-,○,○,http://www.rakuten.co.jp/la-gemme/info.html,株式会社ル?シエル,〒583-0863 大阪府羽曳野市蔵之内520,la-gemme_7@shop.rakuten.co.jp,TEL:072-959-5788  FAX:072-959-5784,佐藤　穎,佐藤　穎,佐藤　穎,2016/04/13,2017/05/10
憧れ！おしゃれ天国,http://www.rakuten.co.jp/akogare-shareten/,4.45,http://review.rakuten.co.jp/shop/4/228109_228109/1.1/,-,29969,s19tz100371,レディースファッション > トップス,2007/04/20,○,-,○,○,http://www.rakuten.co.jp/akogare-shareten/info.html,エルソニック株式会社,〒564-0051 大阪府吹田市豊津町18-13,akogare-shareten_4@shop.rakuten.co.jp,TEL:06-6386-9939  FAX:06-6386-8839,稲葉　京太郎,武長　宏和(通信販売事業部),佐野　孝幸,2016/04/13,2017/05/10
SHINY-MART,http://www.rakuten.co.jp/shiny-mart/,4.29,http://review.rakuten.co.jp/shop/4/256885_256885/1.1/,-,29064,s19tz100371,レディースファッション > トップス,2010/03/24,○,○,○,○,http://www.rakuten.co.jp/shiny-mart/info.html,株式会社シャイニー,〒653-0843 兵庫県神戸市長田区御屋敷通1-3-9 4F,shiny-mart_9@shop.rakuten.co.jp,TEL:078-612-6820  FAX:078-612-2883,井上　護,井上　恵,井上　恵,2016/04/13,2017/05/10
KiraKiraShop,http://www.rakuten.co.jp/kira-kira/,4.54,http://review.rakuten.co.jp/shop/4/254580_254580/1.1/,-,27505,s19tz100371,レディースファッション > トップス,2010/02/01,○,-,○,○,http://www.rakuten.co.jp/kira-kira/info.html,有限会社Ｋ＆Ｇ　ＩＮＴＥＲＮＡＴＩＯＮＡＬ,〒542-0081 大阪府大阪市中央区南船場4-6-15東和ビル4階,kira-kira_5@shop.rakuten.co.jp,TEL:06-4964-6677  FAX:06-4964-6889,崔　榮祚,青山 文済,青山 文済,2016/04/13,2017/05/10
hauhau,http://www.rakuten.co.jp/hauhau/,4.53,http://review.rakuten.co.jp/shop/4/247310_247310/1.1/,-,27048,s19tz100371,レディースファッション > トップス,2009/05/28,○,-,○,○,http://www.rakuten.co.jp/hauhau/info.html,株式会社ティスインターナショナル,〒542-0083 大阪府大阪市中央区東心斎橋1-7-9　心斎橋井上ビル5F,hauhau@shop.rakuten.co.jp,TEL:06-6121-6199  FAX:06-6241-5748,高木　茂行,北島　鮎美(web),北島　鮎美,2016/04/13,2017/05/10
洋服?小物　なでしこ,http://www.rakuten.co.jp/nadesiko/,4.58,http://review.rakuten.co.jp/shop/4/195294_195294/1.1/,-,25992,s19tz100371,レディースファッション > トップス,2001/02/26,○,-,○,○,http://www.rakuten.co.jp/nadesiko/info.html,株式会社きよたにや,〒675-1374 兵庫県小野市本町１丁目206-3,nadesiko@shop.rakuten.co.jp,TEL:0794-64-6525  FAX:0794-64-6526,井上 結城,井上　ちなみ(インターネット事業部),井上　ちなみ,2016/04/13,2017/05/10
VourVoir,http://www.rakuten.co.jp/vour-voir/,4.21,http://review.rakuten.co.jp/shop/4/266521_266521/1.1/,-,23611,s19tz100371,レディースファッション > トップス,2011/01/13,○,-,○,○,http://www.rakuten.co.jp/vour-voir/info.html,有川株式会社,〒270-1437 千葉県白井市木833-16,vour-voir_2@shop.rakuten.co.jp igtx_3@shop.rakuten.co.jp,TEL:050-5532-6063  FAX:047-498-2360,李　雅雲,星野(営業部),星野,2016/04/13,2017/05/10
靴のまえだ,http://www.rakuten.co.jp/kutsunomaeda/,4.62,http://review.rakuten.co.jp/shop/4/254646_254646/1.1/,-,23023,s19tz100371,レディースファッション > トップス,2010/03/09,○,-,○,○,http://www.rakuten.co.jp/kutsunomaeda/info.html,靴のまえだ,〒781-1101 高知県土佐市高岡町甲２０７４,kutsunomaeda@shop.rakuten.co.jp,TEL:088-852-0085  FAX:088-852-0085,前田　太,前田　太,前田　太,2016/04/13,2017/05/10
大喜賑（おおきに）,http://www.rakuten.co.jp/ohkini/,4.57,http://review.rakuten.co.jp/shop/4/213702_213702/1.1/,-,22997,s19tz100371,レディースファッション > 女性和服,2005/08/01,○,-,○,○,http://www.rakuten.co.jp/ohkini/info.html,有限会社あかつき,〒130-0026 東京都墨田区両国4-34-14　すみれハイツ1階,ohkini_6@shop.rakuten.co.jp,TEL:03-5669-8477  FAX:03-3846-4659,塩見　泰久,竹内　志織(インターネット事業部),竹内　志織,2016/04/13,2017/05/10
etre！par bleu comme bleu,http://www.rakuten.co.jp/bleucommebleu/,4.54,http://review.rakuten.co.jp/shop/4/230319_230319/1.1/,-,22859,s19tz100371,レディースファッション > トップス,2007/07/13,○,-,○,○,http://www.rakuten.co.jp/bleucommebleu/info.html,株式会社ブルーコムブルー,〒933-0874 富山県高岡市京田115番地　BCBロジスティックベース,bleucommebleu@shop.rakuten.co.jp,TEL:0766-28-1785  FAX:0766-28-1669,松田　英昭,稲垣　泰人(本社営業部),本社営業部,2016/04/13,2017/05/10
オレンジウェディング,http://www.rakuten.co.jp/orange58/,4.42,http://review.rakuten.co.jp/shop/4/246341_246341/1.1/,-,22847,s19tz100371,レディースファッション > トップス,2009/06/11,○,-,-,○,http://www.rakuten.co.jp/orange58/info.html,オレンジウェディング,〒597-0046 大阪府貝塚市東山3-9-1,orange58@shop.rakuten.co.jp,TEL:072-424-8119  FAX:072-424-8119,村松　恵介,村松　恵介,村松　恵介,2016/04/13,2017/05/10
大きいサイズ レディースGoldJapan,http://www.rakuten.co.jp/gold-japan/,4.45,http://review.rakuten.co.jp/shop/4/225947_225947/1.1/,-,22717,s19tz100371,レディースファッション > トップス,2006/12/26,○,-,○,○,http://www.rakuten.co.jp/gold-japan/info.html,ゴールドジャパン,〒525-0037 滋賀県草津市西大路町4-32-106　草津エストピアプラザ2階,gold-japan@shop.rakuten.co.jp,TEL:072-942-0684   FAX:077-567-1155,大谷　利恵,大谷　利恵,大谷　利恵,2016/04/13,2017/05/10
ママファッション?雑貨 BACKYARD,http://www.rakuten.co.jp/backyard/,4.50,http://review.rakuten.co.jp/shop/4/245754_245754/1.1/,-,21803,s19tz100371,レディースファッション > トップス,2009/05/11,○,-,○,○,http://www.rakuten.co.jp/backyard/info.html,エバーグロー貿易株式会社,〒359-0023  埼玉県所沢市東所沢和田1-5-5,backyard@shop.rakuten.co.jp,TEL:04-2945-9106  FAX:04-2945-8839,恩田　克己,石井　啓之(ネット事業部),石井　啓之,2016/04/13,2017/05/10
CLOTHY（クロシィ）,http://www.rakuten.co.jp/love-onlinestore/,4.58,http://review.rakuten.co.jp/shop/4/232809_232809/1.1/,-,21504,s19tz100371,レディースファッション > トップス,2007/11/19,○,-,○,○,http://www.rakuten.co.jp/love-onlinestore/info.html,パークガール株式会社,〒541-0057 大阪府大阪市中央区北久宝寺町2-2-13　堺筋本町セントラルビル8Ｆ,love-onlinestore@shop.rakuten.co.jp,TEL:06-4862-4950  FAX:06-4862-7036,渡邉　利樹,渡邉　利樹(販売担当),渡邉　利樹,2016/04/13,2017/05/10
anworld,http://www.rakuten.co.jp/anworld/,4.35,http://review.rakuten.co.jp/shop/4/221355_221355/1.1/,-,21172,s19tz100371,レディースファッション > ドレス,2006/07/24,○,-,○,○,http://www.rakuten.co.jp/anworld/info.html,有限会社アンワールド,〒732-0042 広島県広島市南区段原南2丁目,anworld@shop.rakuten.co.jp,TEL:082-258-3390  FAX:082-258-3390,奈波史織,青木泰蔵,青木泰蔵,2016/04/13,2017/05/10
ナチュラルセンス,http://www.rakuten.co.jp/natusen/,4.48,http://review.rakuten.co.jp/shop/4/219972_219972/1.1/,-,20011,s19tz100371,レディースファッション > トップス,2006/05/18,○,-,○,○,http://www.rakuten.co.jp/natusen/info.html,クレジットカード,〒252-0804 神奈川県藤沢市湘南台2-14-3-302(返品商品の送付先)〒243-0031神奈川県厚木市戸室1-33-7　ナチュラルセンス宛,natusen_3@shop.rakuten.co.jp natusen_7@shop.rakuten.co.jp,TEL:0466-52-4505  FAX:0466-52-4506,スリワリーパン　アモンチャウイ,スリワリーパン　アモンチャウイ(ＷＥＢ担当),八木ノイ,2016/04/13,2017/05/10
ブランド古着の買取販売カンフル,http://www.rakuten.co.jp/kanful/,4.76,http://review.rakuten.co.jp/shop/4/195765_195765/1.1/,-,19028,s19tz100371,レディースファッション > トップス,2001/03/14,○,○,○,○,http://www.rakuten.co.jp/kanful/info.html,有限会社カンフル二六,〒525-0003 滋賀県草津市長束町235番地 （ネット販売部）,kanful@shop.rakuten.co.jp,TEL:0800-888-4129  FAX:077-568-2850,渡邊　寛,鈴木 直美(ネット販売部),北脇 憲昭,2016/04/13,2017/05/10
FUNKYFRUIT　ファンキーフルーツ,http://www.rakuten.co.jp/funky-fruit/,4.46,http://review.rakuten.co.jp/shop/4/231226_231226/1.1/,-,18140,s19tz100371,レディースファッション > トップス,2007/08/23,○,○,○,○,http://www.rakuten.co.jp/funky-fruit/info.html,株式会社ＰＭコーポレーション,〒563-0024 大阪府池田市鉢塚2-9-11,funky-fruit@shop.rakuten.co.jp,TEL:072-763-2400  FAX:072-763-2422,井澤　良一,西原　裕子(販売企画部),西原　裕子,2016/04/13,2017/05/10
ボディーライン,http://www.rakuten.co.jp/bodyline/,4.30,http://review.rakuten.co.jp/shop/4/204041_204041/1.1/,-,17989,s19tz100371,レディースファッション > トップス,2003/09/12,○,-,○,○,http://www.rakuten.co.jp/bodyline/info.html,クレジットカード,〒150-0001 東京都渋谷区神宮前1-6-15ジュネスビル２F,bodyline_4@shop.rakuten.co.jp,TEL:047-407-1168  FAX:047-407-1169,福田健一,瀧浪慶子(通販部),瀧浪慶子,2016/04/13,2017/05/10
着物なごみや,http://www.rakuten.co.jp/753ya/,4.56,http://review.rakuten.co.jp/shop/4/236009_236009/1.1/,-,17917,s19tz100371,レディースファッション > 女性和服,2008/11/28,○,-,○,○,http://www.rakuten.co.jp/753ya/info.html,株式会社なごみや,〒224-0001 神奈川県横浜市都筑区中川1-17-22-401,753ya_11@shop.rakuten.co.jp,TEL:045-915-7538  FAX:045-507-7271,松本　成央,松本　成央(店長),松本　成央,2016/04/13,2017/05/10
DEROQUE,http://www.rakuten.co.jp/deroque/,4.47,http://review.rakuten.co.jp/shop/4/231993_231993/1.1/,-,17659,s19tz100371,レディースファッション > トップス,2007/10/24,○,-,○,○,http://www.rakuten.co.jp/deroque/info.html,株式会社ＵＮＣＥＰＴ,〒860-0812 熊本県熊本市中央区南熊本2丁目5-12,deroque_2@shop.rakuten.co.jp deroque_4@shop.rakuten.co.jp deroque_3@shop.rakuten.co.jp deroque_6@shop.rakuten.co.jp,TEL:096-335-7588  FAX:096-335-7533,大賀　将信,村山　将司(Ｅ コマース事業部),村山　将司,2016/04/13,2017/05/10
KOMESICHI （コメシチ）,http://www.rakuten.co.jp/komesichi/,4.68,http://review.rakuten.co.jp/shop/4/229472_229472/1.1/,-,17652,s19tz100371,レディースファッション > 女性和服,2007/06/27,○,-,○,○,http://www.rakuten.co.jp/komesichi/info.html,株式会社米七,〒802-0064 福岡県北九州市小倉北区片野2-9-40第2木山ビル201号,komesichi_14@shop.rakuten.co.jp komesichi_6@shop.rakuten.co.jp,TEL:093-383-8787  FAX:093-383-8800,米原　将平,安部田　開,安部田　開,2016/04/13,2017/05/10
RUIRUE BOUTIQUE,http://www.rakuten.co.jp/auc-ruirue/,4.58,http://review.rakuten.co.jp/shop/4/254802_254802/1.1/,-,17362,s19tz100371,レディースファッション > トップス,2010/08/18,○,-,○,○,http://www.rakuten.co.jp/auc-ruirue/info.html,株式会社アスナロ,〒651-0087 兵庫県神戸市中央区御幸通２－１－６－9Ｆ,auc-ruirue@shop.rakuten.co.jp,TEL:078-855-2153  FAX:078-891-9566,叶　楽明,叶　楽明(本社),叶　楽明,2016/04/13,2017/05/10
FUNNY COMPANY＋,http://www.rakuten.co.jp/novi-z/,4.70,http://review.rakuten.co.jp/shop/4/208015_208015/1.1/,-,17179,s19tz100371,レディースファッション > トップス,2004/09/02,○,-,○,○,http://www.rakuten.co.jp/novi-z/info.html,株式会社ＦＵＮＮＹ　ＣＯＭＰＡＮＹ,〒444-0522 愛知県西尾市吉良町下横須賀東下河原２８－３,novi-z@shop.rakuten.co.jp,TEL:0563-35-4003  FAX:0563-35-1109,竹内　宣仁,竹内　宣仁(竹内　宣仁),竹内　宣仁,2016/04/13,2017/05/10
リオマル,http://www.rakuten.co.jp/iservice/,4.69,http://review.rakuten.co.jp/shop/4/221066_221066/1.1/,-,16820,s19tz100371,レディースファッション > トップス,2006/07/05,○,-,○,○,http://www.rakuten.co.jp/iservice/info.html,株式会社アイサービス,〒719-0252 岡山県浅口市鴨方町六条院中3003-1,iservice@shop.rakuten.co.jp,TEL:0865-54-0660  FAX:0865-44-6796,石丸　和美,石丸　和美,石丸　和美,2016/04/13,2017/05/10
antiqua,http://www.rakuten.co.jp/antiqua-a/,4.46,http://review.rakuten.co.jp/shop/4/241061_241061/1.1/,-,16760,s19tz100371,レディースファッション > トップス,2008/10/14,○,-,○,○,http://www.rakuten.co.jp/antiqua-a/info.html,株式会社ａｎｔｉｑｕａ,〒594-0061 大阪府和泉市弥生町2-2-40,antiqua-a@shop.rakuten.co.jp,TEL:0725-26-1981  FAX:0725-26-1980,原　京子,田中　美恵(本社),原　京子,2016/04/13,2017/05/10
エンジェルルナ【Angel Luna】,http://www.rakuten.co.jp/angelluna/,4.49,http://review.rakuten.co.jp/shop/4/252297_252297/1.1/,-,16721,s19tz100371,レディースファッション > 水着,2009/12/01,○,-,○,○,http://www.rakuten.co.jp/angelluna/info.html,エンジェルアイ株式会社,〒813-0034 福岡県福岡市東区多の津一丁目10-1,angelluna@shop.rakuten.co.jp,TEL:092-626-5854 (9:00-12:30 13:30-17:00),黄　聖子,熊添　聡嗣,熊添　聡嗣,2016/04/13,2017/05/10
OVoVO（オーヴォ）,http://www.rakuten.co.jp/ovovo/,4.49,http://review.rakuten.co.jp/shop/4/267864_267864/1.1/,-,16389,s19tz100371,レディースファッション > トップス,2011/03/25,○,○,○,○,http://www.rakuten.co.jp/ovovo/info.html,株式会社Ｌ’ａｕｂｅ,〒283-0044 千葉県東金市小沼田１２６６－１２,ovovo_4@shop.rakuten.co.jp ovovo_6@shop.rakuten.co.jp,TEL:0475-67-1073  FAX:0000-00-0000,松岡　暁子,松岡　暁子,松岡　暁子,2016/04/13,2017/05/10
Rakuten BRAND AVENUE,http://www.rakuten.co.jp/stylife/,4.36,http://review.rakuten.co.jp/shop/4/279405_279405/1.1/,-,16164,s19tz100371,レディースファッション > トップス,2012/08/31,○,-,○,○,http://www.rakuten.co.jp/stylife/info.html,楽天株式会社,〒158-0094 東京都世田谷区玉川一丁目14番1号 楽天クリムゾンハウス,stylife@shop.rakuten.co.jp,TEL:050-5577-7001  FAX:050-3153-0423,代表取締役　三木谷 浩史,牛嶋 信滋,牛嶋 信滋,2016/04/13,2017/05/10
アジアンセレクト　POKHARA,http://www.rakuten.co.jp/pokhara/,4.26,http://review.rakuten.co.jp/shop/4/207622_207622/1.1/,-,16094,s19tz100371,レディースファッション > トップス,2004/08/24,○,○,○,○,http://www.rakuten.co.jp/pokhara/info.html,有限会社フラワーアートポカラ,〒640-8150 和歌山県和歌山市十三番丁２９,pokhara@shop.rakuten.co.jp pokhara_3@shop.rakuten.co.jp,TEL:073-436-9408  FAX:073-436-9408,奥　康子,奥　康子,奥　康子,2016/04/13,2017/05/10
セレブワンピース＆ドレスPourVous,http://www.rakuten.co.jp/auc-pourvous/,4.54,http://review.rakuten.co.jp/shop/4/252883_252883/1.1/,-,15333,s19tz100371,レディースファッション > ワンピース,2010/01/28,○,○,○,○,http://www.rakuten.co.jp/auc-pourvous/info.html,株式会社ＰｏｕｒＶｏｕｓ,〒542-0061 大阪府大阪市中央区安堂寺町2-1-10-1070,auc-pourvous_8@shop.rakuten.co.jp auc-pourvous_9@shop.rakuten.co.jp,TEL:06-6762-7188  FAX:06-6762-7189,岡田　裕,安川　知宏(ネット事業部),岡田　裕,2016/04/13,2017/05/10
REAL STYLE（リアルスタイル）,http://www.rakuten.co.jp/outletruckruck/,4.49,http://review.rakuten.co.jp/shop/4/261438_261438/1.1/,-,15333,s19tz100371,レディースファッション > トップス,2010/07/16,○,○,○,○,http://www.rakuten.co.jp/outletruckruck/info.html,Ｊ?Ｏ?Ｋ株式会社,〒983-0034 宮城県仙台市宮城野区扇町7-5-11,outletruckruck@shop.rakuten.co.jp,TEL:022-387-1523  FAX:022-387-1537,金ヶ崎　一人,梶山 亜古(通信販売部),梶山 亜古,2016/04/13,2017/05/10
rioty（リオティ）,http://www.rakuten.co.jp/rioty/,4.29,http://review.rakuten.co.jp/shop/4/258596_258596/1.1/,-,14940,s19tz100371,レディースファッション > ワンピース,2010/05/13,○,-,○,○,http://www.rakuten.co.jp/rioty/info.html,ＵＦＫインターナショナル株式会社,〒332-0034 埼玉県戸田市上戸田1丁目2番17号102号室,ink-gekiyasuichibankan@shop.rakuten.co.jp,TEL:048-291-8997  FAX:048-446-7987,曹　悦,天野　和弘(営業部),天野　和弘,2016/04/13,2017/05/10
cawaii,http://www.rakuten.co.jp/onepi-c/,4.43,http://review.rakuten.co.jp/shop/4/229459_229459/1.1/,-,14857,s19tz100371,レディースファッション > トップス,2007/06/05,○,○,-,○,http://www.rakuten.co.jp/onepi-c/info.html,株式会社ワンピース,〒675-0123 兵庫県加古川市別府町朝日町48番地 (店舗はなく倉庫のみとなります),onepi-c@shop.rakuten.co.jp,TEL:079-451-5799  FAX:079-451-5798,久本　和明,久本　和明(EC部門),久本　和明,2016/04/13,2017/05/10
BIGJOHNJEANS,http://www.rakuten.co.jp/bigjohn/,（未評価）,http://review.rakuten.co.jp/shop/4/190688_190688/1.1/,-,14746,s19tz100371,レディースファッション > ボトムス,1999/11/15,○,-,○,○,http://www.rakuten.co.jp/bigjohn/info.html,株式会社ビッグジョン,〒711-0903 岡山県倉敷市児島田の口4丁目11-31,bigjohn@shop.rakuten.co.jp,TEL:0120-003-465  FAX:086-477-3805,市原修,森田　太郎(直販),森田　太郎,2016/04/13,2017/05/10
カラコン＆キレイグッズ ASA,http://www.rakuten.co.jp/dress-asa/,4.39,http://review.rakuten.co.jp/shop/4/242453_242453/1.1/,-,14734,s19tz100371,レディースファッション > トップス,2008/12/09,○,○,○,○,http://www.rakuten.co.jp/dress-asa/info.html,株式会社エー?エス?エー,〒531-0041 大阪府大阪市北区天神橋7-12-6グレーシィ天神橋2号館6F,dress-asa_2@shop.rakuten.co.jp,TEL:06-4801-9201  FAX:06-4801-9202,阿佐　昌良,平田 貴仁,平田 貴仁,2016/04/13,2017/05/10
IBIZASTORE イビザストア,http://www.rakuten.co.jp/auc-ibizastore/,4.65,http://review.rakuten.co.jp/shop/4/234492_234492/1.1/,-,14551,s19tz100371,レディースファッション > ボトムス,2007/12/26,○,-,○,○,http://www.rakuten.co.jp/auc-ibizastore/info.html,株式会社ＧＯＡ,〒444-1305 愛知県高浜市神明町３－３－５,auc-ibizastore@shop.rakuten.co.jp,TEL:0566-87-5854  FAX:0566-87-5854,榊原　茂,辻井　健浩(通信部),辻井　健浩,2016/04/13,2017/05/10
CASUALOUTLET SHOT,http://www.rakuten.co.jp/shot/,4.54,http://review.rakuten.co.jp/shop/4/251457_251457/1.1/,-,14522,s19tz100371,レディースファッション > トップス,2009/11/20,○,-,○,○,http://www.rakuten.co.jp/shot/info.html,株式会社ショット,〒711-0907 岡山県倉敷市児島上の町2-1-70,shot@shop.rakuten.co.jp,TEL:086-470-5808  FAX:086-470-5805,藤原　敬三,小河原　奈葵(インターネット販売課),川口　明生,2016/04/13,2017/05/10
エスニック＆アジアン雑貨アジャラ,http://www.rakuten.co.jp/ajara/,4.65,http://review.rakuten.co.jp/shop/4/200247_200247/1.1/,-,14180,s19tz100371,レディースファッション > トップス,2002/12/26,○,-,○,○,http://www.rakuten.co.jp/ajara/info.html,株式会社トライズ,〒430-0834 静岡県浜松市南区松島町395,ajara@shop.rakuten.co.jp,TEL:053-427-2313  FAX:053-427-1002,鈴木　武治,西田香織(雑貨事業部),金原隆浩,2016/04/13,2017/05/10
RyuRyu（リュリュ）,http://www.rakuten.co.jp/ryuryu-shop/,4.23,http://review.rakuten.co.jp/shop/4/251048_251048/1.1/,-,14167,s19tz100371,レディースファッション > トップス,2009/09/15,○,-,○,○,http://www.rakuten.co.jp/ryuryu-shop/info.html,株式会社ベルーナ,〒362-8688 埼玉県上尾市宮本町４－２,ryuryu-shop@shop.rakuten.co.jp,TEL:0120-85-7895  FAX:048-777-6601,安野　清,芹澤　貴久(ＥＣ事業本部),芹澤　貴久,2016/04/13,2017/05/10
ジーンズステーション,http://www.rakuten.co.jp/jeans/,4.67,http://review.rakuten.co.jp/shop/4/198975_198975/1.1/,-,14125,s19tz100371,レディースファッション > トップス,2002/05/27,○,○,○,○,http://www.rakuten.co.jp/jeans/info.html,有限会社ジェイエス,〒671-0251 兵庫県姫路市花田町上原田12-3,jeans@shop.rakuten.co.jp jeans_3@shop.rakuten.co.jp,TEL:079-253-5114  FAX:079-251-0122,東田 和久,富永　誠,富永　誠,2016/04/13,2017/05/10
ソーシャルガール（Social GIRL）,http://www.rakuten.co.jp/f-odekake/,4.46,http://review.rakuten.co.jp/shop/4/241023_241023/1.1/,-,14074,s19tz100371,レディースファッション > トップス,2008/11/28,○,-,○,○,http://www.rakuten.co.jp/f-odekake/info.html,株式会社サロンドエル,〒813-0034 福岡県福岡市東区多の津１－14－1FRCビル6F,f-odekake_5@shop.rakuten.co.jp,TEL:092-622-4898  FAX:092-623-8315,小島　剛,小島　剛(本部),小島　剛,2016/04/13,2017/05/10
coca「コカ」,http://www.rakuten.co.jp/cocacoca/,4.46,http://review.rakuten.co.jp/shop/4/253718_253718/1.1/,-,14031,s19tz100371,レディースファッション > トップス,2009/12/25,○,-,○,○,http://www.rakuten.co.jp/cocacoca/info.html,株式会社ａｄａｐｔ　ｒｅｔａｉｌｉｎｇ,〒108-0073 東京都港区三田3-7-16第二御田八幡ビル,cocacoca@shop.rakuten.co.jp cocacoca_7@shop.rakuten.co.jp,TEL:03-5765-5473  FAX:03-5765-5472,佐藤卓生,深町 まなみ,深町 まなみ,2016/04/13,2017/05/10
ecoloco（エコロコ）,http://www.rakuten.co.jp/auc-ecoloco/,4.63,http://review.rakuten.co.jp/shop/4/270150_270150/1.1/,-,13789,s19tz100371,レディースファッション > ワンピース,2011/07/05,○,-,○,○,http://www.rakuten.co.jp/auc-ecoloco/info.html,株式会社ワイズフリー,〒541-0056 大阪府大阪市中央区久太郎町3丁目5番5号　丸忠第一ビル5F,auc-ecoloco@shop.rakuten.co.jp,TEL:06-6281-0800  FAX:06-6281-8400,関　よし子,関　よし子,笠原　千春,2016/04/13,2017/05/10
BUZZ-ex,http://www.rakuten.co.jp/shopbuzz/,4.35,http://review.rakuten.co.jp/shop/4/222616_222616/1.1/,-,13407,s19tz100371,レディースファッション > トップス,2006/09/07,○,-,○,○,http://www.rakuten.co.jp/shopbuzz/info.html,有限会社ショップバズ,〒277-0005 千葉県柏市柏３－８－７,shopbuzz@shop.rakuten.co.jp,TEL:04-7165-0444  FAX:04-7165-0445,宇田川　健夫,井澤島　達也(本店ＢＵＺＺ),井澤島　達也,2016/04/13,2017/05/10
ティアクラッセ　楽天市場店,http://www.rakuten.co.jp/tiaclasse/,4.74,http://review.rakuten.co.jp/shop/4/197131_197131/1.1/,-,13399,s19tz100371,レディースファッション > ワンピース,2001/08/13,○,-,○,○,http://www.rakuten.co.jp/tiaclasse/info.html,ティアクラッセ株式会社,〒560-0082 大阪府豊中市新千里東町１丁目５－３　千里朝日阪急ビル,tiaclasse@shop.rakuten.co.jp,TEL:06-6873-5566  FAX:06-6873-5567,佐藤　静枝,佐藤　静枝,福嶋　有希子,2016/04/13,2017/05/10
きものセレクトショップkirakukai,http://www.rakuten.co.jp/kirakukai/,4.59,http://review.rakuten.co.jp/shop/4/217586_217586/1.1/,-,13194,s19tz100371,レディースファッション > 女性和服,2006/02/01,○,-,○,○,http://www.rakuten.co.jp/kirakukai/info.html,有限会社あかつき,〒130-0026 東京都墨田区両国4-34-14すみれハイツ1階,kirakukai@shop.rakuten.co.jp,TEL:075-812-2424  FAX:075-812-2423,塩見　泰久,鈴木 康子(インターネット事業部),鈴木　香織,2016/04/13,2017/05/10
SESSYUU　セッシュウ,http://www.rakuten.co.jp/sessyuu13/,4.42,http://review.rakuten.co.jp/shop/4/250144_250144/1.1/,-,13127,s19tz100371,レディースファッション > トップス,2009/11/20,○,-,○,○,http://www.rakuten.co.jp/sessyuu13/info.html,Ｙ＆ＳＵ,〒445-0073 愛知県西尾市寄住町東浦26 本多ビル１Ｆ,sessyuu13@shop.rakuten.co.jp,TEL:0563-79-5500  FAX:0563-79-5500,杉浦　奈美,杉浦　奈美(ネット販売課),杉浦　奈美,2016/04/13,2017/05/10
お洒落Mama,http://www.rakuten.co.jp/o-mom/,4.67,http://review.rakuten.co.jp/shop/4/248363_248363/1.1/,-,12159,s19tz100371,レディースファッション > トップス,2009/08/26,○,-,○,○,http://www.rakuten.co.jp/o-mom/info.html,株式会社ファンビコーポレーション,〒541-0058 大阪府大阪市中央区南久宝寺町1-9-13,o-mom@shop.rakuten.co.jp,TEL:06-6264-5882  FAX:06-6266-7973,中山誠一郎,米澤　隆(お洒落Mama事業部),米澤　隆,2016/04/13,2017/05/10
Crouka（クローカ）,http://www.rakuten.co.jp/crouka/,4.67,http://review.rakuten.co.jp/shop/4/205051_205051/1.1/,-,12040,s19tz100371,レディースファッション > トップス,2003/12/18,○,○,○,○,http://www.rakuten.co.jp/crouka/info.html,有限会社アキヤマ,〒620-0061 京都府福知山市荒河東町90,crouka_5@shop.rakuten.co.jp,TEL:0773-45-3382  FAX:0773-45-3381,秋山　保憲,秋山 保憲(WEB),秋山 保憲,2016/04/13,2017/05/10
Sunflower （サンフラワー）,http://www.rakuten.co.jp/sunflower8/,4.46,http://review.rakuten.co.jp/shop/4/265761_265761/1.1/,-,11878,s19tz100371,レディースファッション > ワンピース,2010/12/24,○,○,○,○,http://www.rakuten.co.jp/sunflower8/info.html,サンフラワーエイト株式会社,〒601-8346 京都府京都市南区吉祥院池田南町16番地,sunflower8_13@shop.rakuten.co.jp,TEL:075-585-8811  FAX:075-585-8810,古沢勝,古沢勝,古沢姫香,2016/04/13,2017/05/10
素敵体験,http://www.rakuten.co.jp/sutekitaiken/,4.65,http://review.rakuten.co.jp/shop/4/229345_229345/1.1/,-,11868,s19tz100371,レディースファッション > スーツ,2007/06/27,○,-,○,○,http://www.rakuten.co.jp/sutekitaiken/info.html,株式会社オフィス?ジーアンドビー,〒272-0138 千葉県市川市南行徳4-12-18トレンディビル２F,sutekitaiken@shop.rakuten.co.jp,TEL:047-314-8582  FAX:047-314-8621,庭本　清敏,庭本　敏央(アパレル事業部),庭本　敏央,2016/04/13,2017/05/10
4CUPS＋DESSERTS,http://www.rakuten.co.jp/4cups/,4.69,http://review.rakuten.co.jp/shop/4/200050_200050/1.1/,-,11716,s19tz100371,レディースファッション > トップス,2002/09/10,○,-,○,○,http://www.rakuten.co.jp/4cups/info.html,株式会社フォーカップス,〒248-0005 神奈川県鎌倉市雪ノ下636-10,4cups@shop.rakuten.co.jp,TEL:0467-24-9138  FAX:0467-23-1443,福永　祐子,福永　祐子,福永　祐子,2016/04/13,2017/05/10
mocomoshop,http://www.rakuten.co.jp/mocomoshop/,4.26,http://review.rakuten.co.jp/shop/4/276057_276057/1.1/,-,11591,s19tz100371,レディースファッション > 水着,2012/01/25,○,-,○,○,http://www.rakuten.co.jp/mocomoshop/info.html,株式会社ｍｏｍｏｎｃｈｉ,〒606-8262 京都府京都市左京区北白川蔦町23-2,mocomoshop_13@shop.rakuten.co.jp,TEL:050-3516-6386  FAX:075-705-0088,北門　和紀,齋藤　夏樹,齋藤　夏樹,2016/04/13,2017/05/10
ワンピースレンダー,http://www.rakuten.co.jp/one-p-slender/,4.33,http://review.rakuten.co.jp/shop/4/266364_266364/1.1/,-,11576,s19tz100371,レディースファッション > ワンピース,2010/12/24,○,○,-,○,http://www.rakuten.co.jp/one-p-slender/info.html,株式会社エム?ポロニア,〒331-0805 埼玉県さいたま市北区盆栽町74番地　ハイツぼんさい1Ｆ,one-p-slender@shop.rakuten.co.jp,TEL:048-856-9015  FAX:048-856-9015,桐谷　美江,桐谷　美江,桐谷　美江,2016/04/13,2017/05/10
きもの館　創美苑,http://www.rakuten.co.jp/so-bien/,4.69,http://review.rakuten.co.jp/shop/4/229894_229894/1.1/,-,11429,s19tz100371,レディースファッション > 女性和服,2007/08/23,○,○,○,○,http://www.rakuten.co.jp/so-bien/info.html,有限会社創美苑,〒374-0033  群馬県館林市堀工町908,so-bien@shop.rakuten.co.jp,TEL:0120-01-5298  FAX:0276-55-1327,吉永 訓明,吉永 訓明,吉永 訓明,2016/04/13,2017/05/10
Casual outlet パスポート,http://www.rakuten.co.jp/passport/,4.51,http://review.rakuten.co.jp/shop/4/193597_193597/1.1/,-,11218,s19tz100371,レディースファッション > トップス,2000/08/03,○,-,○,○,http://www.rakuten.co.jp/passport/info.html,株式会社パスポート,〒791-0211 愛媛県東温市見奈良1125 クールス?モール2F,passport_3@shop.rakuten.co.jp,TEL:089-909-3800  FAX:089-993-7281,山本洋三,株式会社フロンティア?コンサルティング　荻山　浩平,株式会社フロンティア?コンサルティング　荻山　浩平,2016/04/13,2017/05/10
Happy急便,http://www.rakuten.co.jp/happyexp/,4.59,http://review.rakuten.co.jp/shop/4/230589_230589/1.1/,-,11073,s19tz100371,レディースファッション > トップス,2007/09/05,○,-,○,○,http://www.rakuten.co.jp/happyexp/info.html,有限会社ベリータジェーピー,〒537-0001 大阪府大阪市東成区深江北1-6-12,happyexp_5@shop.rakuten.co.jp,TEL:06-6977-5559  FAX:06-6977-9030,山邊　雅美,山邊　由美子,山邊　由美子,2016/04/13,2017/05/10
京都きものcafe,http://www.rakuten.co.jp/kyoto-kimono-cafe/,4.37,http://review.rakuten.co.jp/shop/4/244754_244754/1.1/,-,11054,s19tz100371,レディースファッション > 女性和服,2009/03/25,○,○,○,○,http://www.rakuten.co.jp/kyoto-kimono-cafe/info.html,株式会社西織,〒629-2311 京都府与謝郡与謝野町幾地346-1,kyoto-kimono-cafe@shop.rakuten.co.jp,TEL:0772-43-0608  FAX:0772-44-2040,西原　要二,西原　太一　(　インターネット販売事業部　),西原　太一,2016/04/13,2017/05/10
DHOLIC【ディーホリック】,http://www.rakuten.co.jp/d-holic/,4.52,http://review.rakuten.co.jp/shop/4/237319_237319/1.1/,-,11001,s19tz100371,レディースファッション > トップス,2008/06/16,○,-,○,○,http://www.rakuten.co.jp/d-holic/info.html,株式会社ＺＩＰＩＡ,〒150-0036 東京都渋谷区南平台町16-28　グラスシティ渋谷8Ｆ,d-holic_3@shop.rakuten.co.jp,TEL:0800-111-8155  FAX:03-5457-1607,李　恵禎,李 炯術(マーケティング企画２部),李 炯術,2016/04/13,2017/05/10
dazzystore（デイジーストア）,http://www.rakuten.co.jp/louise-bq/,4.41,http://review.rakuten.co.jp/shop/4/233410_233410/1.1/,-,10916,s19tz100371,レディースファッション > トップス,2008/01/31,○,-,○,○,http://www.rakuten.co.jp/louise-bq/info.html,株式会社dazzy,〒108-0072 東京都港区白金1-27-6 白金高輪ステーションビル9F,louise-bq_5@shop.rakuten.co.jp louise-bq@shop.rakuten.co.jp louise-bq_11@shop.rakuten.co.jp louise-bq_10@shop.rakuten.co.jp louise-bq_15@shop.rakuten.co.jp louise-bq_19@shop.rakuten.co.jp louise-bq_20@shop.rakuten.co.jp,TEL:03-5422-8818  FAX:03-5422-9915,下井大学,山崎悠也(通販部),山崎悠也,2016/04/13,2017/05/10
京都キモノカフェ着物小物専門店,http://www.rakuten.co.jp/kimonocafe/,4.61,http://review.rakuten.co.jp/shop/4/217997_217997/1.1/,-,10825,s19tz100371,レディースファッション > 女性和服,2006/05/02,○,-,○,○,http://www.rakuten.co.jp/kimonocafe/info.html,株式会社来花,〒600-8066 京都府京都市下京区 万寿寺通五条上る柏屋町327,kimonocafe@shop.rakuten.co.jp,TEL:075-361-7150  FAX:075-341-9546,安藤一郎,加藤小真子(キモノカフェ事業部),安藤 嘉章,2016/04/13,2017/05/10
clover（クローバー）,http://www.rakuten.co.jp/crucian/,4.54,http://review.rakuten.co.jp/shop/4/221318_221318/1.1/,-,10737,s19tz100371,レディースファッション > トップス,2006/07/05,○,-,○,○,http://www.rakuten.co.jp/crucian/info.html,ウェブキャスト有限会社,〒891-0113 鹿児島県鹿児島市東谷山3-32-25-2F,crucian@shop.rakuten.co.jp,TEL:099-802-4183  FAX:099-802-4184,白坂　順也,白坂　順也(EC事業部),白坂　順也,2016/04/13,2017/05/10
ahaaha（アハアハ）,http://www.rakuten.co.jp/ahaaha/,4.52,http://review.rakuten.co.jp/shop/4/249036_249036/1.1/,-,10612,s19tz100371,レディースファッション > トップス,2009/07/28,○,-,○,○,http://www.rakuten.co.jp/ahaaha/info.html,株式会社まつや,〒818-0135 福岡県太宰府市向佐野1-10-22 aha aha,ahaaha@shop.rakuten.co.jp,TEL:0120-998-214  FAX:092-285-6251,松本　晋司,田中　憲征(営業本部),田中　憲征,2016/04/13,2017/05/10
felliniフェリーニ,http://www.rakuten.co.jp/ec-fellini/,4.41,http://review.rakuten.co.jp/shop/4/266242_266242/1.1/,-,10509,s19tz100371,レディースファッション > トップス,2010/12/14,○,-,○,○,http://www.rakuten.co.jp/ec-fellini/info.html,株式会社フェリーニ,〒541-0054 大阪府大阪市中央区南本町２－５－１４,ec-fellini@shop.rakuten.co.jp,TEL:06-6252-3212  FAX:06-6252-3212,田中　亮,高江　慎二郎(ＥＣ事業部),高江　慎二郎,2016/04/13,2017/05/10
RosyCats,http://www.rakuten.co.jp/rosy-cats/,4.59,http://review.rakuten.co.jp/shop/4/259677_259677/1.1/,-,10484,s19tz100371,レディースファッション > トップス,2010/06/25,○,○,○,○,http://www.rakuten.co.jp/rosy-cats/info.html,株式会社どんぐりソフト,〒277-0005 千葉県柏市柏691-26,rosy-cats_2@shop.rakuten.co.jp,TEL:04-7167-1777  FAX:04-7167-1757,栗本　真吾,服部厚作,栗本真吾,2016/04/13,2017/05/10
テラコッタ,http://www.rakuten.co.jp/terracotta/,4.36,http://review.rakuten.co.jp/shop/4/294270_294270/1.1/,-,10404,s19tz100371,レディースファッション > トップス,2013/02/14,○,-,○,○,http://www.rakuten.co.jp/terracotta/info.html,株式会社ビジュー,〒9830043 宮城県仙台市宮城野区萩野町３－２０－２ ２F,terracotta@shop.rakuten.co.jp,TEL:0223535590  FAX:0223535591,菊池 博子,菊地 奈緒子,菊地 奈緒子,2016/04/13,2017/05/10
Sweet＆Sheep,http://www.rakuten.co.jp/sweet-sheep/,4.63,http://review.rakuten.co.jp/shop/4/227437_227437/1.1/,-,10315,s19tz100371,レディースファッション > トップス,2007/04/09,○,-,○,○,http://www.rakuten.co.jp/sweet-sheep/info.html,株式会社ピコ,〒446-0032 愛知県安城市御幸本町２番３号　丸善ビル３F,sweet-sheep@shop.rakuten.co.jp,TEL:0566-91-5270  FAX:0566-91-5240,水藤　公夫,嶺村裕子,嶺村裕子,2016/04/13,2017/05/10
サンキューマート WEB SHOP,http://www.rakuten.co.jp/thank-you-mart/,4.42,http://review.rakuten.co.jp/shop/4/255291_255291/1.1/,-,10246,s19tz100371,レディースファッション > トップス,2010/02/01,○,-,○,○,http://www.rakuten.co.jp/thank-you-mart/info.html,エルソニック株式会社,〒564-0051 大阪府吹田市豊津町18-13,thank-you-mart_3@shop.rakuten.co.jp,TEL:06-6386-9939  FAX:06-6386-8839,稲葉　京太郎,武長　宏和(通信販売事業部),佐野　孝幸,2016/04/13,2017/05/10
丸井（マルイ）楽天市場店,http://www.rakuten.co.jp/0101marui/,4.44,http://review.rakuten.co.jp/shop/4/265372_265372/1.1/,-,10163,s19tz100371,レディースファッション > トップス,2010/12/16,○,-,-,○,http://www.rakuten.co.jp/0101marui/info.html,株式会社丸井,〒164-8701 東京都中野区中野4-3-2,0101marui@shop.rakuten.co.jp,TEL:0120-38-0101  FAX:0120-38-0155,佐々木　一,中村　哲也(オムニチャネル事業本部),菊地　琢也,2016/04/13,2017/05/10
DONOBAN（ドノバン）,http://www.rakuten.co.jp/donoban/,4.40,http://review.rakuten.co.jp/shop/4/225952_225952/1.1/,-,10125,s19tz100371,レディースファッション > トップス,2007/01/31,○,-,○,○,http://www.rakuten.co.jp/donoban/info.html,株式会社ドノバン,〒660-0881 兵庫県尼崎市昭和通4-117　エスティ尼崎ビル201,donoban@shop.rakuten.co.jp,TEL:06-4950-5471  FAX:06-6411-0319,沢村　正雄,沢村　正雄(WEB事業部),沢村　正雄,2016/04/13,2017/05/10
